m,bm,ok,relative_max_diff,new_ms_pipe,xla_ms_pipe,speedup_pipe,new_ms_block,xla_ms_block,speedup_block,error
1,1,True,5.278989111302549e-05,0.048417499965580646,0.05243100004008738,1.0828935834638278,0.16078050002761302,0.16136049998749513,1.0036074023888626,
2,2,True,0.0,0.04271299994798028,0.04825250007343129,1.1296911978132538,0.1627664500119863,0.14860049996059388,0.9129676290762057,
4,4,True,0.0,0.04177450000497629,0.03814900001088972,0.9132126059281455,0.15394849997392157,0.14024000001882087,0.9109539881361437,
8,8,True,0.0,0.04032699998788303,0.04722399999081972,1.171026855580852,0.17096350002248073,0.15348699998867232,0.8977764257779565,
16,16,True,0.0,0.04596799999490031,0.04968899993400555,1.0809476144169432,0.1664360000177112,0.15353299995695124,0.9224747046348933,
32,32,True,0.0,0.040764000004855916,0.03648749998319545,0.8950912564725974,0.15111849997992977,0.1394109999637294,0.922527685109664,
64,64,True,0.0,0.038933999985601986,0.038119500004540896,0.9790799819858659,0.15194299994618632,0.14091800003370736,0.9274398957741805,
128,128,True,0.00020701375128684765,0.04090450001967838,0.04034300000057556,0.9862729034988156,0.15518449999945005,0.14402699998754542,0.928101711111972,
512,512,True,0.0016634855961125824,0.051782499940600246,0.04784149996339693,0.9238932075175196,0.16397800000049756,0.1632305000384804,0.9954414618911385,
2048,2048,True,0.0016615905539415995,0.12960699996256153,0.12674750005317037,0.9779371491492191,0.2459590000398748,0.2406745000371302,0.9785147117938848,
4096,1024,True,0.0033270083496562837,0.25557549997756723,0.23722549995000008,0.9282012554834959,0.3743494999980612,0.35419044997979654,0.9461491199577692,
